user_id,company_name,position_title,start_date,end_date,is_current_position,location,job_description
user_id,company_name,position_title,start_date,end_date,is_current_position,location,job_description
284d395e2ea24172b858213d8996b4f8,Universidad Champagnat,Docente,2023-08-04,,YES,,Docente de Derecho Laboral, Derecho Civil y Derecho Ambiental y Aguas
28c0de61864d4eaeae5e501b18394fec,Estudio Jurídico López,Pasantía Jurídica y Secretaria Administrativa,2017-03-17,2021-10-31,NO,San Martin Mendoza Argentina,Redacción de demandas, contestaciones y recursos judiciales. • Organización y control de expedientes físicos y  digitales. • Gestión de agenda y atención personalizada a clientes
6baafe1c592542b3834b997509390e04,“ASOCIACIÓN CIVIL PUEDES CREER” – PJ 2994/14,Abogado - Asesor,2017-03-01,2019-03-01,NO,Olascoaga 513, San Rafael, Mendoza,Asesoría jurídica y acompañamiento a víctimas de violencia
385ef4426f1a4e33950892f2d90a3711,Estudio Jurídico penal,Abogada asociada en Estudio Jurídico Penal,2022-01-01,2024-11-01,NO,Pedro Molina 560,Realizar demandas civiles, llevar a cabo procesos de familia. Defensa en procesos penales, realización de audiencias y juicios por jurado populares en dos ocasiones. Llevar adelante la procuración de los expedientes civiles, penales y de familia.
12f91429319541f6b39ee66cc3ce5ddf,Dirección General de Escuelas,Docente,2024-03-25,,YES,Mendoza,Docente de Jóvenes y adultos. CENS- CEBJA. Materias: Elementos jurídicos y Formación Etica y Ciudadana.
c9d8c800e2b64cb9adcc2ee47933d241,IES DEL ATUEL,PROFESORA DE LABORAL,2023-03-01,2025-03-10,NO,SAN RAFAEL, MENDOZA,PROFESORA DE DERECHO LABORAL E INTRODUCCION AL DERECHO
1a4d7f558ee741a7afc5b9c4dcf29b0a,Municipalidad de la Ciudad de Mendoza,Instructora Sumariante,2015-12-01,,YES,Ciudad de Mendoza, provincia de Mendoza,Instructora Sumariante y Jefa del Departamento de Sumarios, mediadora en el Centro de Resolucion de Conflicto
d5a00a3824e44768b4a586956b3c7d91,ESTADO,ABOGADA DEL NNYA,2023-09-14,,YES,MENDOZA,SOCIA EN ESTUDIO JURIDICO NEGRI BELARDE
444192e349bb4a67bdd65121fc877d35,Municipalidad de Godoy Cruz,Asesora Legal en Departamento de Género,2024-07-15,2025-02-01,NO,Godoy Cruz,Acompañé a personas en situación de vulnerabilidad por motivos de género, brindándoles asesoría legalconstante y coordinando con otros organismos para brindar herramientas de protección a la personavulnerada como así generar estrategias de salida de la situación de vulnerabilidad. Coordiné con juzgados de familias y oficinas fiscales estrategias para el acompañamiento de mujeres ensituación de vulnerabilidad por motivos de género. Participé de campañas de promoción y consientización en la materia. Intervenciones territoriales orientadas a la promoción y protección de derechos en contextos devulnerabilidad, en articulación con actores comunitarios y estatales.
444192e349bb4a67bdd65121fc877d35,UNIVERSIDAD NACIONAL DE CUYO,DOCENTE ADSCRIPTA,2023-03-01,,YES,MENDOZA,Preparo y dicto clases a alumnos de 5to año de la Universidad, acompañando a los mismos en el procesode aprendizaje. Evalúo a los alumnos a través de trabajos prácticos, producciones escritas y exámenes orales. Realizó planificación de clases.
cc56ef567cc54f4997ec7b0e16d72df6,Estudio Jurídico Dra. Sayd Viviana &amp; Asociados,ABOGADO,2025-02-03,,YES,Villa Nueva, Guaymallén,Asesoría legal. Redacción de demandas y contestación de demandas. Redacción de Escritos y Oficios. Manejo de sistemas informáticos de profesionales: IOL, MEED, TRIBUNET. Audiencias. Cartas de documentos. Derecho Civil, Familia y Sucesiones. Ejecución de sentencia. Acción de Amparo. Accidentes de tránsitos. Mediaciones.
1201a6c49f8f4b758a6a777d7ed648ba,ejercicio independiente,abogada,2014-12-30,2024-12-01,NO,Mendoza,ejercicio particular de la abogacia
273bee8217fe4d068e081b80851d2ea0,Estudio juridico Benini,estudio juridico Benini,2019-04-01,,YES,calle mitre 521 segundo piso oficina 17,Abogada a cargo, especialista en derecho a la salud
44992ceffc0e4ee48f8b7c9aa99f37df,Cámara Federal de Apelaciones de Mendoza. Poder Judicial de la Nación,Relator de la Cámara Federal de Apelaciones de Mendoza,2021-04-12,,YES,Ciudad de Mendoza, Mendoza, Argentina,Proyectos de resoluciones y sentencias en el fuero federal en materia contenciosa administrativa, laboral, tributario, defensa del consumidor, civil y comercial, procesos de amparo de salud, procesos ejecutivos, etc.
d1d5de0841b241e68f78e8ce2e4b3d76,CASA HERMANA ASOCIACIÓN CIVIL,REPRESENTANTE LEGAL,2021-03-19,,YES,ONG,REPRESENTANTE LEGAL Y ADMINISTRADORA DE LA INSTITUCIÓN EN CONSIDERACIÓN A LOS PROGRAMOS QUE SE EJECUTAN MEDIANTE LA PERSONARÍA COMO LAS CASAS DE ATENCIÓN Y ACOMPAÑAMIENTO COMUNITARIO DEPENDIENTE DE LA SEDRONAR ( MINISTERIO DE SALUD DE LA NACIÓN). ASESORAMIENTO JURÍDICO A MUJERES Y DIVERSIDADES EN SITUACIONES DE VIOLENCIA POR RAZONES DE GÉNERO.
86d203291d2b451dac9911d4ece33ccd,Ministerio Público Fiscal,Prosecretario,2022-09-21,,YES,Mendoza, Argentina,Asistencia técnico-jurídica al fiscal. Elaboración de escritos (requerimientos, acusaciones, recursos).  Estudio de legislación, doctrina y jurisprudencia aplicable a cada caso. Elaboración de ofrecimientos de prueba. Preparar y proponer líneas de acción procesal, criterios de investigación y medios de prueba.  Organización y gestión de expedientes. Recepción, registro y archivo de actuaciones y documentación incorporada al expediente. Control de plazos procesales ( plazos de IPP y PP, prórrogas, términos para presentar recursos, caducidad de medidas cautelares). Labrado actas de audiencias, como puede ser las de declaraciones en Cámara Gesell, con el consecuente desgrabado de la misma. Supervisión de tareas administrativas. Asegurar la cadena de custodia siguiendo los protocolos vigentes. Informes y estadísticas. Elaboración de reportes periódicos sobre el estado de las causas: número de actuaciones, plazos cumplidos, resoluciones dictadas.
49a857d2626041eaa09bb3ddef37498b,Dirección de cuidados alternativos de la Dirección General de Protección de derechos de NNA,Asesor legal miembro de tres equipos técnicos,2022-07-11,2023-05-15,NO,Ciudad de Mendoza, Artengina,Participar desde un enfoque interdisciplinario de la estrategia de restitución de derechos de NNA albergados en residencias alternativas, como así también todo el proceso legal de las Medidas excepcionales de derechos (audiencias, escritos, etc). Participar también de entrevistas con los NNA albergados y las familias.
9487ebede2aa4c69ac40a730d43aa6c2,Poder Judicial de San Luis,Oficial de Primera,2011-12-01,2025-04-01,NO,San Luis, Argentina,Cuando ingresè estuve en mesa de entradas, después hice estadisticas, control de documental,decretar,
52f3053d5004414f8a230ba8d1f1c9bd,Estudio Juridico Riveros y Asoc.,Abogado Jr.,2020-07-01,2022-03-30,NO,Mendoza, Argentina,desempeñe tareas de procuración, redacción de demandas civiles, colaboración en estrategias penales  para ser desarrolladas durante juicio y participé de manera activa en conciliaciones civiles y del fuero de familia.
bf462dcfd48b4816af648212c91aa96d,Juzgado Penal Colegiado,Auxiliar,2022-05-17,,YES,Mendoza,Preparación de documentos, organización de audiencias,  seguimiento de expedientes, y la comunicación con las partes involucradas. Además, de la grabación de audiencias
2d01e3c2b579401b95dc81b21df0e218,Poder Judicial de la Provincia de Mendoza,Auxiliar administrativo,2023-12-28,,YES,Mendoza,Personal técnico y administrativo de la Gestión Judicial Asociada de Familia de Guaymallén, cumpliendo labores actualmente en secretaría de audiencias.
82f0b7d3298b4b148a7c9854ab584019,Universidad de Congreso,Jefa de trabajos practicos. Derecho Penal Especial.,2024-04-01,2025-03-31,NO,Mendoza. Argentina.,Docente. Clases teóricas y prácticas. Examenes parciales y fnales.
722e22259c1d40f6bfae27158e75cb3f,Peace Brigades International (PBI),International Observer and Field Officer,2024-07-09,2024-09-08,NO,Barrancabermeja, Santander, Colombia,Acompañamiento integral internacional a organizaciones sociales y personas defensoras de derechos humanos en territorios afectados por el conflicto armado en Colombia Realización de análisis político-contextual y análisis de riesgo Articulación e incidencia con actores institucionales, diplomáticos y de sociedad civil de carácter local e internacional
a34cef54d5c04f45b32d002d5dd15323,Estudio Jurídico Vasquez Soaje-Peña-González,Secretaria,2001-05-01,2004-02-27,NO,San Rafael, Argentina.,Administrativa - Secretaria de Estudio Jurídico. Realizaba atención telefónica y personal, redacción de escritos y diversos trámites.
d1d5de0841b241e68f78e8ce2e4b3d76,PROGRAMA ACERCAR DERECHOS,ABOGADA,2023-09-01,2024-06-30,NO,MINISTERIO DE CAPITAL HUMANO,Recibir consultas, brindar escucha activa y asesorar jurídicamente a personas en contextos de violencia de género. • Elaborar la estrategia de acompañamiento jurídico para cada caso y darle seguimiento a su cumplimiento, en función de los lineamientos establecidos en el Manual de Actuación del Programa Acercar Derechos. • Asesorar y acompañar a lo largo del proceso judicial. • Derivar a servicios de patrocinio jurídico gratuito cuando corresponda. • Elaborar escritos para reforzar la perspectiva de género cuando se advierten obstáculos para el acceso a la justicia de mujeres y LGBTI+. • Acompañar en instancias claves de los procesos judiciales en curso (declaraciones testimoniales, pericias o etapa de juicio). • Formación específica en el manejo del Sistema Integrado de Casos de Violencia por Motivos de Género (SICVG) Asistencia a ateneos de casos, clínicas de abordaje integral e instancias de formación especializadas organizadas por la Dirección Nacional de Fortalecimiento del Acceso a la Justicia.
86d203291d2b451dac9911d4ece33ccd,Millán S.A.,Responsable de Departamento de Contratos,2018-12-17,2021-01-30,NO,Mendoza, Argentina,Confección y redacción de todo tipo de contratos (obra, servicios, locación, aparcería, etc.) Análisis, preparación y presentación de licitaciones. Control y seguimiento de contratos. Análisis de facturas de proveedores, control y seguimiento de costos. Consejería y asesoramiento legal.  Análisis de Convenios Colectivos de Trabajo
2d01e3c2b579401b95dc81b21df0e218,Independiente,Abogado,2020-05-27,2023-12-26,NO,Mendoza,Ejercicio independiente de la profesión en fuero civil, laboral, tributario y familia. Asesoramiento integral a particulares y empresas. Intervención en procesos extrajudiciales (mediación, conciliacion) y judiciales (patrocinio y representación letrada.)
86d203291d2b451dac9911d4ece33ccd,Redes del Oeste S.A.,Subgerente de Departamento de Relaciones Institucionales,2021-01-30,2022-09-21,NO,Mendoza, Argentina,Confección y redacción de todo tipo de contratos (obra, servicios, locación, etc.) Intervención jurídica en todos los sectores de la empresa. Redacción de cartas documento. Gestión de expedientes administrativos en organismos estatales, presentación de recursos, solicitudes, etc. Negociación de contratos. Análisis, preparación y presentación de licitaciones. Consejería y asesoramiento legal.  Estudio y análisis de normativa. Resolución y mediación de conflictos.
736990d309ff4dad805a652b205d9470,Ministerio Público Fiscal,Secretaria de Unidad Fiscal Civil,2012-05-30,,YES,Mendoza, Argentina,Gestión integral de actividades en la oficina, incluyendo la organización de documentos jurídicos y distribución de tareas, asegurando una eficiente administración del flujo de trabajo. Asistencia directa al fiscal en la confección de dictámenes, investigación de casos complejos y análisis de expedientes según su casuística. Liderazgo de equipo con personal a cargo, gestionando licencias y permisos, y promoviendo un ambiente de trabajo colaborativo y productivo. Propuestas innovadoras para mejorar la organización de tiempos y recursos, contribuyendo a una mayor eficiencia en la gestión del despacho.
f4b91a5bafbe4d109a9dfb1d94574c3c,Autónomo,Abogado (ejercicio profesional),1997-06-19,2025-01-31,NO,Mendoza  (común - federal),Ejercicio liberal de la profesión
12f91429319541f6b39ee66cc3ce5ddf,Gobierno de la Provincia de Mendoza,Tecnica Administrativa.,2022-02-14,2024-12-31,NO,Mendoza,Analisis de licitaciones Públicas en todas las etapas (llamado, publicacion, apertura, evaluacion y adjudicacion, etapa recursiva y ejecución contractual). Gestion de Acuerdos Marcos (integral). Auditorias y monitoreos internos.
28c0de61864d4eaeae5e501b18394fec,Estudio Jurídico Independiente,Abogada,2021-11-01,,YES,San Martin Mendoza Argentina,Desarrollo de estrategias legales para defensa de casos en derecho laboral, civil y de familia. • Redacción y  presentación de escritos judiciales y administrativos. • Negociación y mediación para resolución de conflictos. •  Asesoramiento integral y representación legal ante organismos judiciales y administrativos.
558a2a4d37f84de9a1a35dc54cb6c026,C.A.I.,abogada ad hoc,2020-02-18,,YES,calle Lavalle y San Martin, Rivadavia, Mendoza.,Brindo servicio jurídico, en carácter de contratada del C.A.I. Realizo asesoramiento jurídico, y juicios en el fuero de familia, trabajo mayormente las figuras legales de responsabilidad parental, delegación de guarda, tutela, alimentos, cuidado personal,determinación de capacidad, etc, atendiendo la población más vulnerable de los departamentos de Junín y RIvadavia.
357524f1d2a54683bfdfe91274e46fce,Poder Judicial de Santa Cruz,Abogado Oficina de Violencia Doméstica,2015-11-02,2017-06-20,NO,Caleta Olivia, Santa Cruz,Atención a las víctimas de violencia; elaboración del informe de Riesgo, elevación de actuaciones, compulsa penal y coordinación con los diferentes efectores.
2c83752d0f2b4da6862f2f22a9c7d8ca,Poder Judicial de la Provincia de Mza.,Secretario Ad Hoc- Prosecretario interino,2006-07-01,,YES,Mendoza, Argentina.-,Distribución, organización y control del trabajo y personal de la UAC 1-Primer Juzgado Penal Colegiado.
ac0257a016db442eaa52247132447635,Municipalidad de Gral. San Martìn,Equipo Interdisciplinario,2009-04-09,,YES,San Martìn,Abordajes, seguimientos, intervenciones y asesoramiento en situaciones de alto riesgo de vulnerabilidad en niños, niñas, adolescentes y sus familias. Trabajo territorial. Organizaciòn de mesas intersectoriales. Trabajo en red y articulaciones con distintos organismos institucionales a los fines de gestionar y efectivizar medidas y recursosA
c45265cfc5d9483d98410bd66c78bedf,GEJUAF Godoy Cruz - GEJUAS N° 1,Auxiliar Administrativo,2016-03-30,2024-04-18,NO,Godoy Cruz y Ciudad de Mendoza,Trabajé en Secretaría del Quinto Juzgado de Familia, luego pasé a la Secretaría Tutelar de los Juzgados de Godoy Cruz, y luego llegué a fines de 2022 al GEJUAS N° 1 para trabajar en la Secretaría de Audiencias.
81c793288f544433a3ad622e1f11265e,Honorable Cámara de Diputados Mendoza,Asesora Legislativa,2018-05-01,,YES,Mendoza, Argentina.,Equipo de trabajo de la Diputada Lic: Marcela Fernández. Integrando la comisión de Derechos Garantías y Poderes como así también la comisión de Legislación y asuntos constitucionales.                                                                                           chos, Garantías y Poderes; como así tambi
e7d1e923b82d4c7b82ba32fd70bcb1f1,Aerotec Argentina s.a.,Asesor Legal In-House,2023-11-01,,YES,Comandante Torres Nº 100, Rivadavia, Mendoza,Redacción,negociaciónyejecucióndeContratosciviles,comercialesyaeronáuticos. • TramitaciónintegraldeactosanteelRegistroNacionaldeAeronaves(RNA):desdelaconfeccióndelcontratohastasuinscripciónenelfolioreal. • AsesoríasobreNormativaaeronáutica(RAAC),disposicionesdeANAC,yactualizacionesregulatorias(Decreto639/2024,UIF).GestióndetrámitesantelaANAC:afectacionesaCETA,cesesdebandera,altasybajasdeaeronaves,certificadosoperativosytramitacióndeLAD(lugaresaptosdenunciados). • InicioyfinalizacióndeExpedientesenlaPlataformaTAD(TrámitesaDistancia).Participaciónenlicitacionespúblicas,contratacionesadministrativasyrelacionesinstitucionales. • Implementacióndedocumentoslegalesestandarizadosparausointernodeempresas,contribuyendoalasistematizaciónjurídicayoperativa.Modelosdecontrato,reglamentosinternos,autorizaciones,formularios,poderesyescritos.
18c5bcc02bf54ae096bb0a41cc5fabaa,Suprema Corte Justicia Mendoza,Auxiliar administrativo,2010-10-14,,YES,San Rafael,auxiliar Administrativa Unidad de Ejecucion y Control de Reglas de Conducta
a27fd51db07b4823affb0d019b1b6e22,PODER JUDICIAL DE MENDOZA,AUXILIAR ADMINISTRATIVO CLASE 13,2022-11-29,,YES,CIUDAD DE MENDOZA, MENDOZA,AUXILIAR ADMINISTRATIVO DE LA SECRETARÍA PERTENECIENTE AL GEJUAF DE GUAYMALLÉN, Y AUDIENCISTA DE LA DRA. NIEVAS CECILIA GABRIELA
357524f1d2a54683bfdfe91274e46fce,GEJUAF familia,Agente administrativos,2021-04-21,,YES,San Martín, Mendoza,Decretos varios en Área de Procesos hasta la traba de la litis. Determinación de Capacidad, alimentos, responsabilidad parental, autorizaciones, homologaciones, etcl
753a09bdf4c34225b3cb734e9d103790,Poder Judicial de la Nación,Escribiente,2019-02-19,,YES,Av. España 483,Instrucción de Causas Penales (oficiar, notificar, tomar audiencias, recibir y entregar efectos de causa), redacción proyectos de resolución y decretos
28c0de61864d4eaeae5e501b18394fec,Estudio Jurídico López,Pasantía Jurídica y Secretaria Administrativa,2017-03-17,2021-10-31,NO,San Martin Mendoza Argentina,Redacción de demandas, contestaciones y recursos judiciales. • Organización y control de expedientes físicos y  digitales. • Gestión de agenda y atención personalizada a clientes
49a857d2626041eaa09bb3ddef37498b,Estudio Jurídico Diaz-Pithod &amp; Asociados,Abogado,2022-05-02,,YES,Godoy Cruz, Mendoza,Ejercicio privado de la abogacía en las siguientes áreas del Derecho: Familias, Civil y Laboral
2a958d1ee7874fb1be8bc14075e1febf,Direccion General de Proteccion de Derechos,Coordinadora en Cuidados Alternativos,2024-05-01,,YES,Belgrano 1462,A cargo de la Coordinacion tecnico juridica de 3 Hogares de la DGP.
667de9fb751a4a2bb6d287490e9974cf,Servicio Penitenciario Federal,Abogada,2018-06-08,,YES,Lujan de Cuyo, Mendoza,Abogada criminóloga en el área División Servicio Criminológico (la función trata sobre la progresividad dentro de establecimiento cerrado para personas privadas de la libertad)
3074dabb9b7e44c6b33e465fce651eb8,Municipalidad de la Ciudad de Mendoza,Abogada,2024-11-01,,YES,Mendoza, Argentina,Asesoramiento jurídico, abordajes, promoción
95a0bb0d2f51495c8858e2f91c11e490,Poder Judicial de Mendoza,Auxiliar Administrativo,2021-10-21,,YES,Poder Judicial de Mendoza,Atencion al publico, en secretaria:  redacción de escritos judiciales, decretos, autos y sentencias, revisión de oficios. Preparación de audiencias iniciales y finales, testimoniales y de reconocimiento, redacción de actas
b3c95a2d23bd4b69becd2d3630dec219,Dirección de cuidados alternativos,coordinadora-abogada hogares Casa Cuna Anexo I y Hogar Quinta Betel,2024-09-01,,YES,Calle Belgrano 1462, Mendoza,Coordinadora y abogada de dos hogares pertenecientes a Cuidados Alternativos, Casa Cuna Anexo I y Quinta Betel.
f8b2732d18c74332bbecf9352408fa39,Tribunal de Gestión Asociada de Paz-1ª Circ. Jud. Mendoza,Secretaría de Audiencia,2024-02-05,,YES,Mendoza, Argentina,Tareas relativas a la funciòn de seccretaria, emisiòn de proveidos, resoluciones varias, control de expedientes para fijaciòn deAudiencias Iniciales y para la producciòn de Audiencias Finales, gestiòn de agenda y de audencias; reparto de despacho, coordinaciòn del equpo de trabajo y tareas junto a la otra secretaria, control de agendas en Iurix
e53cd4842fad4611afe4c56ea7b57465,Mendoza Law,Abogado,2016-03-01,2021-09-01,NO,Mendoza,Abogado con especialización en derecho penal y civil, procuración, participación en audiencias, redacción de escritos jurídicos
94ff60954a6f4956bff827239184517d,DIRECCIÓN DE ASUNTOS JURÍDICOS D.G.E GOBIERNO DE MENDOZA,ASESORA LETRADA,2010-03-01,2020-05-01,NO,MENDOZA ARGENTINA,Elaboración y revisión de resoluciones, decretos, circulares y contratos. Análisis exhaustivo de expedientes administrativos y emisión de dictámenes jurídicos fundamentales para la toma de decisiones. Representación y defensa legal del organismo en juicios complejos (daños y perjuicios, amparos, medidas cautelares, ejecuciones y acciones procesales administrativas). Asesoramiento especializado a direcciones de línea, juntas calificadoras, médica y de disciplina.
94ff60954a6f4956bff827239184517d,ESTUDIO JURIDICO,ABOGADA TITULAR,2009-02-01,,YES,MENDOZA ARGENTINA,Titular de estudio jurídico propio, brindando asesoramiento y representación legal a particulares . Amplia experiencia en litigación efectiva en Derecho de Familia, con probados resultados favorables en diversas instancias judiciales. Especialista en mediación y negociación de conflictos, buscando soluciones extrajudiciales eficientes. Gestión autónoma y completa de expedientes judiciales, desde la consulta inicial hasta la resolución final.
28c0de61864d4eaeae5e501b18394fec,Universidad de Congreso,Docente: INSTITUCIONES DEL  DERECHO ROMANO,2022-04-01,2023-03-31,NO,San Martin Mendoza Argentina,Elaboración y dictado de clases presenciales y virtuales en materias de Derecho Romano y Derecho Procesal  Constitucional. • Preparación y corrección de exámenes y trabajos prácticos. • Tutoría y acompañamiento académico  de estudiantes
284d395e2ea24172b858213d8996b4f8,Colegio Papa Francisco,Docente,2025-03-10,,YES,,Docente de Economia Social
ab8ac362fd3947238dd2cb6f96e082fa,MINISTERIO PUBLICO DE LA DEFENSA,PASANTE,2017-03-01,2017-12-01,NO,MENDOZA,PASANTIA EN MINISTERIO PUBLICO DE LA DEFENSA MENDOZA. ASISTENCIA AUDIENCIAS Y REDACCION DE ESCRITOS
3e79c90373bd4303b5f22de3331c4122,Ministerio Publico Fiscal de la Nacion Argentina,Auxiliar Escribiente,2024-10-15,,YES,San Rafael Mendoza,Cargo: Auxiliar escribiente de la Sede Fiscal Descentralizada de San Rafael. Tareas realizadas: tareas administrativas y de apoyo técnico y/o jurídico en las dependencia
82f0b7d3298b4b148a7c9854ab584019,Oficinas fiscales de Las Heras. Ministerio Publico Fiscal.,Ayudante Fiscal Interina. Inspector de Justicia (clase 3),2017-11-01,2018-10-31,NO,Mendoza. Argentina.,Instrucción de expedientes penales. Actuación bajo directivas de los Fiscales de Instrucción. Confección de proyectos de Decretos de detención, de Recupero de libertad, de solicitudes de allanamientos, de intervenciones telefónicas, decretos de avocamiento, recepción de denuncias, declaraciones testimoniales, declaraciones de imputados y demás medidas investigativas durante la Investigación Penal Preparatoria (Ley 6730). Personal a cargo.
667de9fb751a4a2bb6d287490e9974cf,Ejercicio profesional independiente,Abogada independiente,2014-11-15,,YES,Chaco,Ejercicio profesional independiente en derecho civil (familia, responsabilidad civil, derecho de los consumidores), comercial y laboral.
736990d309ff4dad805a652b205d9470,Suprema Corte de Justicia de Mendoza,Auxiliar de Mesa de Entradas,2009-02-23,2012-05-29,NO,Mendoza, Argentina,Atención y gestión del ingreso y egreso de documentación judicial, garantizando el cumplimiento de los plazos y procedimientos procesales. Coordinación y organización de expedientes, manteniendo un sistema de registro eficiente y accesible. Colaboración en la asignación de causas y distribución de documentación entre las áreas pertinentes para su seguimiento.
e4b0fb2220634e3db700e9b86afeaaff,DIRECCION DE CUIDADOS ALTERNATIVOS - DIRECCION GENERAL DE PROTECCION .,COORDINADORA LEGAL Y TÉCNICA,2023-04-01,,YES,MENDOZA ARGENTINA,Me desempeño como Coordinadora Legal y Técnica en la Dirección de Cuidados Alternativos, con responsabilidad directa sobre tres equipos técnicos de hogares para niños y niñas de la provincia de Mendoza. Implemento estrategias para la restitución integral de derechos de los niños, niñas y adolescentes en residencias del Estado, así como para el acompañamiento en territorio en procesos de reintegro con la red familiar y/o afectiva. Asumo la toma de decisiones trascendentales para sus vidas, conforme a las directrices de derechos humanos que rigen nuestro ordenamiento, con un accionar ético y comprometido con su realidad social, psicológica y necesidades particulares.  Estas acciones se desarrollan en un marco interdisciplinario, en coordinación estrecha con psicólogos, trabajadores sociales, licenciados en Niñez y Adolescencia, técnicos en Minoridad y operadores, asegurando un abordaje integral y sensible a las dimensiones emocionales, sociales y jurídicas. Brindo asesoramiento jurídico continuo a familias y equipos técnicos, ejerzo el patrocinio letrado en audiencias ante Juzgados de Familia y Penal Juvenil, y elaboro escritos jurídicos dirigidos a tribunales y organismos estatales.  Gestiono la articulación con instituciones públicas para coordinar intervenciones y optimizar recursos, manteniendo presencia activa en residencias y territorio para acompañar a los niños y niñas, tomar decisiones centradas en ellos e informar a la Dirección sobre aspectos a mejorar. Organizo y resguardo legajos administrativos y realizo la carga y actualización de información en sistemas informáticos oficiales, garantizando un registro ordenado y trazable.  Mi labor combina liderazgo técnico-jurídico, trabajo territorial y gestión interinstitucional, con suma responsabilidad y compromiso ético orientado a la protección y bienestar integral de niños y niñas en situación de vulnerabilidad en nuestra provincia.
a74911c9db6042b0a930feb15c67ed7c,Poder Judicial,Empleado,2018-07-01,2022-04-14,NO,San Rafael, Mendoza, Argentina,Ayudante Fiscal, Secretario Juz Tributario y Auxiliar Juzgados Familia
b8d70cd2360941cdb7759da41b7027b4,Camara Penal de Menores,Auxiliar,2005-11-28,,YES,Mitre y Montevideo, 3 piso, ciudad, Mendoza,Realizo sentencias de prescripcion y ots, Integrativas, cómputos, organización de audiencias y Sentencias art. 4
3572bce481284b449f28fcd7c1cd92ac,PORDER JUDICIAL DE MENDOZA,AUXILIAR ADMINISTRATIVO - OFICINA DE ESTADÍSTICA,2010-10-29,,YES,SAN MARTÍN 322, MENDOZA, ARG,Abogada y Técnica en Administración de las Organizaciones, con experiencia en análisis de datos y estadísticas en el Poder Judicial de Mendoza. Actualmente profundizo mi formación en Estadística Social, integrando conocimientos jurídicos, administrativos y analíticos para la toma de decisiones. También me desempeño como docente de Administración, demostrando habilidades de planificación, comunicación clara y liderazgo formativo. Busco oportunidades de trabajo remoto donde pueda aplicar mi perfil multidisciplinario con responsabilidad, compromiso y orientación a resultados.
12f91429319541f6b39ee66cc3ce5ddf,Corporación ASE SRL,Administración y logística.,2010-11-07,2017-02-15,NO,Mendoza,Administración en general. Logística de seguridad de mercaderías en transito. Gestiones bancarias y cobranzas. Manejo de personal y proveedores.
357524f1d2a54683bfdfe91274e46fce,Tercer Juzgado de Familia Rivadavia,Prosecretario Ad Hoc,2018-04-11,2021-03-16,NO,Rivadavia, Mendoza,Atención a las víctimas de violencia, llevar el proceso de internaciones, adopción, medidas excepcionales, conexas, proceso de vinculación y situación de adoptabilidad. Realizar resoluciones y modelos.
cc56ef567cc54f4997ec7b0e16d72df6,Programa Federal Incluir Salud,Administrativo,2019-12-16,,YES,San Juan 255, ciudad de Mendoza,Ministerio de Salud Gobierno de Mendoza | Área de Finanzas Diciembre 2019 – Actual (Contrato). Facturaciones. Liquidaciones. Control de auditorías. Gastos. Presupuestario. Manejo de Sistema de Información Consolidada. Manejo de Sistema de Expedientes Electrónicos. Manejo de Word, Excel (avanzado).
cb26a5c86fc24bc8a8f6d2b57f3c0845,Poder Judicial de Mendoza,Jefa de Mesa de Entradas Tercer Juzgado Penal Juvenil,2004-11-22,,YES,Ciudad de Mendoza Argentina,Jefa de Mesa de Entradas (atención al publico, foliar y coser expedientes, recibir informes de las distintas redes informaticas, MEED, Zimbra, Sinej, notificar resoluciones judiciales, asignar expedientes, confeccionar estadísticas, preparar distinta documentación para inspección.
363ba8739e88457f9279ee81888e8f29,Poder Judicial de Mendoza,Auxiliar,2005-12-01,,YES,Mendoza, Argentina,Auxiliar de Mesa de Entradas y Secretaria, atención al público, recibir escritos,  armar exptes, decretar, sentencias, edictos, oficios, certificaciones
6b742e179c954d378ce96d9d9cd2f63d,universidad de congreso,DOCENTE,2025-04-03,,YES,mendoza,Docente asociada en materia de introduccion al lenguaje juridico, derecho ambiental, derecho de aguas y minas, sociologia juridica.
ac74225f0dfb4137bc03f9e66101a34f,ASOCIACIÓN CIVIL “PUEDES CREER”,ABOGADO ASESOR,2017-03-01,2020-03-01,NO,Olascoagas 513, San Rafael, Mendoza, Argentina,Asesoría jurídica y acompañamiento a víctimas de violencia.
a34cef54d5c04f45b32d002d5dd15323,Poder Judicial,Secretaria de Audiencias Ad Hoc en la Segunda Cámara Laboral de San Rafael,2019-12-09,,YES,San Rafael, Argentina.,Como secretaria  acerco a las partes realizando liquidaciones e intentando la conciliación. Para ello  hago un estudio exhaustivo del expediente y  realizo el acta de sustanciación de prueba para la audiencia respectiva.
82f0b7d3298b4b148a7c9854ab584019,Universidad de Congreso,Jefa de trabajos practicos. Derecho Procesal Penal.,2022-08-01,,YES,Mendoza. Argentina.,Docente. Clases teóricas y prácticas. Examenes parciales y fnales.
21e23e70abbc442ab2e583a6824c9f82,Poder Judicial de Mendoza,Auxiliar Administrativa Segundo Juzgado Penal Juvenil,2023-12-28,,YES,Ciudad de Mendoza,Me desempeño en el Segundo Juzgado Penal Juvenil. Trabajo en la Mesa de entrada y ocasionalmente trabajo en Secretaría. Atención al publico, carga de informes, redaccion de oficios, actas y constancias son actividades frecuentes en el oficio.
83ff06bc89714984bc6335dd49db3815,Poder Judicial Mendoza,Auxiliar,2015-12-15,,YES,San Rafael MEndoza,Auxiliar de Secretaria de Audiencias
1201a6c49f8f4b758a6a777d7ed648ba,Tercer Juzgado Penal de Menores,auxiliar,2024-12-16,,YES,Mendoza,Auxiliar tecnica administrativa
444192e349bb4a67bdd65121fc877d35,COLECTIVO NACIONAL DE NIÑEZ Y ADOLESCENCIA,INVESTIGADORA,2023-07-01,,YES,HÍBRIDO,Miembro permanente del equiepo de investigación del Colectivo Nacional de Niñez y adolescencia. Investigadora en temática de derechos de niñez y adolescencia
f4b91a5bafbe4d109a9dfb1d94574c3c,Universidad de Congreso,Profesor Universitario,2022-04-01,,YES,La Colonia Junín - Mendoza,Clases universitarias
7c4972621bb14d23b1af2c1fe71fe75c,Bazan Pulenta Valente,Socio,2023-02-06,,YES,Mendoza,Soy uno de los socios fundadores del estudio Bazán Pulenta Valente, un equipo de profesionales jóvenes dedicado principalmente a la defensa penal y a la representación en querellas particulares.
52f3053d5004414f8a230ba8d1f1c9bd,Estudio Juridico Villegas-Gonzalez Encina,Abogado Socio,2022-05-01,,YES,Mendoza,Argentina,Luego de haber adquirido cierta experiencia como profesional, decidi  ejercer la abogacia de forma independiente junto a un colega. Mis principales tareas se embarcan en las ramas del derecho penal y civil. Asimismo realizo  todas las tareas desde la consulta con el cliente hasta la finalización del juicio o cumplimiento del objetivo pretendido.
c9d8c800e2b64cb9adcc2ee47933d241,ESTUDIO JURIDICO PRONOTTO Y ASOCIADOS- ESTUDIO JURIDICO DRA. DANIELA BARRERA.,ABOGADA,2020-02-01,2023-12-20,NO,MAZA 345 Y MAZA 115 RESPECTIVAMENTE,ABOGADA - DEMANDA CIVILES- PEALES
2a958d1ee7874fb1be8bc14075e1febf,Universidad del Aconcagua,Profesora de Postgrado,2022-01-01,2023-12-31,NO,Catamarca 147 de Ciudad,Disertaciones en los Postgrados de Género del 2022/2023. Temática: Violencia Intrafamiliar.
12f91429319541f6b39ee66cc3ce5ddf,Municipalidad de Guaymallen,Directora de Compras y Suministros,2015-12-15,2021-12-13,NO,Guaymallén Mendoza,Gestion de las contrataciones públicas en todas sus etapas. Llamado y publicacion, apertura de sobres, evaluacion y ejecución de contratos. Compras de bienes y contratacion de servicios. Obra Pública.
52f3053d5004414f8a230ba8d1f1c9bd,Universidad Nacional de Cuyo,Docente Universitario,2020-04-01,,YES,Mendoza,Acutalmente me encuentro como Adscripto Autorizado, por lo que mi rol consiste en preparar y dar 3 clases durante el ciclo lectivo, dar asistencia y colaborar en la toma de examenes finales, participar en proyectos de investigación y trabajos de campo, evacuar consultas de los estudiantes en las horas establecidas y realizar seguimiento y corrección de las actividades propuestas a los estudiantes.
1d832a43f48e46d3a72e4b495d4ae1cf,Ministerio Público Fiscal de Mendoza,Secretaria de la Tercer Fiscalí Civil- Unidad Fiscal Civil,2018-08-10,,YES,Ciudad de Mendoza,ocupo el cargo de Secretaria de la Tercer Fiscalía Civil y entre las funciones mas importantes se encuentran: la elaboración de dictamenes jurídicos de los fueros civil, familia, concursal; manejo del personal (dos auxiliares a cargo); distribución de tareas, supervisión de las mismas; gestión y coordinación  del equipo de trabajo; inicio de demandas por multas conforme lo dispone nuestro codigo procesal civil, etc.
b43f51e83fe44ffa845fbd82b6a4a9aa,Estudio Juridico Contable Mendez,Abogado,2022-05-01,,YES,Rodriguez 220, Ciudad de Mendoza,Elaboración, redacción, confección y presentación de demandas y escritos judiciales. Manejo de expedientes judiciales y administrativos. Procuración y carga de datos, manejo de documentación. Redacción de contratos civiles y comerciales. Cumpliendo funciones de asistencia y colaboración jurídica en el ámbito del derecho civil, derecho de las familias y derecho concursal.
c9d8c800e2b64cb9adcc2ee47933d241,MUNICIPALIDAD DE SAN RAFAEL-,ABOGADA MEDIADORA,2021-03-01,,YES,SAN RAFAEL, MENDOZA,ABOGADA - MEDIADORA
3074dabb9b7e44c6b33e465fce651eb8,Estudio Jurídico,Abogada,2019-01-01,,YES,Mendoza, Argentina,Asesoramiento jurídico, Derecho Laboral, Derecho de Familia, Derecho Penal.
1142e4983f1c435c82698512b0083fd7,Coordinación de Mujer y Género, Municipalidad de San Rafael, Mendoza,Asesor jurídico,2020-01-01,2023-12-30,NO,San Rafael, Mendoza, Argentina,Asesoría jurídica ante consultas de violencia de género, derecho de familia, civil y penal. Entrevistas interdisciplinarias.  Diseño y seguimiento de abordaje jurídico y social de situaciones de violencia de género. Redacción de medidas cautelares. Articulación con fiscalías, comisarías, juzgados de familia y otras instituciones afines. Expositora en actividades de difusión de la temática..
82f0b7d3298b4b148a7c9854ab584019,Unidad Fiscal Especial/Unidad Fiscal de Homicidios,personal técnico y administrativo,2005-11-22,2017-10-31,NO,Mendoza. Argentina.,Instrucción de expedientes penales. Recepción de denuncias, declaraciones testimoniales y declaraciones de imputados. Confección de decretos, oficios judiciales. Redacción de proyectos de archivos
d79f91f8b3804a8cb94a25c923be5dce,Ministerio Público Fiscal- Provincia de Mendoza,Auxiliar Administrativa,2018-02-14,,YES,Mendoza, Argentina,Auxiliar Administrativa en Unidad Fiscal de Violencia de Género.
28c0de61864d4eaeae5e501b18394fec,Subsecretaría de Trabajo Provincia de Mendoza,Abogada Adscripta,2024-07-16,,YES,Rivadavia, Mendoza, Argentina,Asesoramiento legal en materia laboral y de seguridad social. • Representación ante audiencias, conciliaciones y  procedimientos administrativos. • Análisis normativo y elaboración de informes técnicos.
a34cef54d5c04f45b32d002d5dd15323,Poder Judicial,Secretaria Juzgado de Faltas luego Contravencional,2013-05-02,2019-12-09,NO,San Rafael, Argentina.,Como secretaria redacté decretos, oficios, resoluciones, daba instrucciones a la policía respecto de sumarios, atendía el teléfono de turno a fin de dar directivas, realizaba audiencias indagatorias y de debates con el Juez y finalmente  realizaba allanamientos y operativos preventivos con el Juez.
ab8ac362fd3947238dd2cb6f96e082fa,ESTUDIO JURIDICO PREVISIONAL,ABOGADA,2021-01-01,,YES,GENERAL ALVEAR,juicios previsionales
44992ceffc0e4ee48f8b7c9aa99f37df,Estudio Jurídico,Abogado,2015-02-24,2016-03-31,NO,San Martín, Mendoza, Argentina,Asesoramiento jurídico civil y laboral. Reclamos extrajudicial. Presentación y contestación de demandas. Presentación de escritos.
7c4972621bb14d23b1af2c1fe71fe75c,Universidad de Congreso,Tutor Nexo,2022-09-05,2023-08-31,NO,Mendoza,Dentro de las tareas desarrolladas se encontraba acompañamiento administrativo, motivacional, resolución de conflictos y soporte técnico a alumnos y docentes de la modalidad a distancia
444192e349bb4a67bdd65121fc877d35,Juzgado de Familia de Capital,Auxiliar de Justicia,2025-01-14,,YES,Mendoza,Auxiliar en secretaría de procesos: Proceso y analizo expedientes judiciales, especialmente procesos ejecutivos y del ámbito tutelar. Confecciono y redaccto decretos, autos y sentencias, haciendo aplicación del derecho procesal, de fondoy jurisprudencia pertinente en cada caso. Controlo y confecciono liquidaciones en el ámbitos de los procesos ejecutivos.
2a958d1ee7874fb1be8bc14075e1febf,Cuerpo de Abogados Ad-Hoc del Poder Judicial,Abogada AD HOC Tribunales de Familia,2006-03-01,2021-12-31,NO,Mitre esquina Montevideo- Oficina MAD,Atender y representar en Juicio a personas de escasos recursos que nos enviaban del Poder Judicial en casos de familia.
f8b2732d18c74332bbecf9352408fa39,Poder Judicial de la PRovincia de Mendoza,Mesa Entrada- Secretaria,2013-11-18,2018-01-01,NO,Mendoza,Atención al público, recepción de escritos, cèdulas y oficios, carga y descarga de lista. Tareas de secretaria  en el 3ªJuzgado de Familia de Las Heras al ingresar, recepciòn de denuncias tutelares, atenciòn al públicoi, orientación  Me desempeñe tambièn como auxiliar en otras reparticiones, pero no tengo certeza de los años. Estos fueron 24ª juzgado Civil, 1ª Juzgado de Familia y Oficina de Certificaciones de la Corte.
d410b4e852c64be1a3871ea62c8474b7,Ministerio Público Fiscal de la Nación,Auxiliar,2024-10-01,,YES,San Rafael- mendoza,Gestión de casos penales, redacción de dictámenes civiles
a74911c9db6042b0a930feb15c67ed7c,Independiente,Abogado,2022-04-15,,YES,San Rafael, Mendoza, Argentina,Abogado litigante
b503bd03c04e4df2bfa136af0f60c128,independiente,abogada del niño niña y adolescente,2018-08-10,,YES,mendoza argentina,Abogacia independiente, familia, abogada del niño inscripta en el registro, miembro de la comisión de abogado del niño, niña y adolescente, del colegio de abogados, de la primera circunscripción de Mendoza
7c4972621bb14d23b1af2c1fe71fe75c,Facultad de Derecho, UNCuyo,Abogado a cargo del Área Penal de los Consultorios Jurídicos Gratuitos,2025-05-30,,YES,Mendoza,Dentro de las tareas desarrolladas se lleva a cabo una atención inicial, una evaluación de los casos y conforme a eso en su caso se informa las vías a seguir. Se los deriva en su caso a los efectores publicos competentes o se les envía el listado de profesionales elaborados por la facultad para asumir las causas.
385ef4426f1a4e33950892f2d90a3711,ADEN BUSINESS SCHOL,Academic advisor,2024-11-01,,YES,Rioja 460 Ciudad,Realizar el tour de bienvenida por el campus virtual y la plataforma de cursado para los nuevos alumnos a través de videollamada. Proporcionar asesoramiento personalizado a los estudiantes, incluyendo: Atención a requerimientos mediante correo electrónico. Respuestas a consultas a través de WhatsApp de clientes internos y externos. Revisión diaria del agendamiento en Calendly. Registro del seguimiento de los alumnos en el repositorio correspondiente. Evaluación de asignaturas y contenidos. Resolución de problemas relacionados con el proceso de cursado. Supervisión del chat grupal de alumnos que se le ha asignado.  Organización de eventos online y presenciales. Moderación de eventos. Cumplir con los objetivos relacionados con el ritmo de cursado de los alumnos.
280351a10d5f4b7c8066bfd28dfd434d,MUNICIPALIDAD DE LA HUMADA -  LA  PAMPA,ASESOR LEGAL, PATROCINANTE,2023-12-11,,YES,LA HUMADA - LA PAMPA - ARGENTINA,Asesoramiento técnico legal y representación en juicio del Municipio.
a34cef54d5c04f45b32d002d5dd15323,Poder Judicial,Auxiliar  en la Primera Cámara del Crimen de San Rafael,2008-09-22,2013-05-01,NO,Mendoza, Argentina,Como auxiliar de sala  (trabajé con los Dres. Domingo Mauricio, Ariel Hernández, Rodolfo Luque y Julio Bittar) transcribía fundamentos de sentencia que dictaba el Juez, también  lo que decían los testigos y las partes en los debates, atendía imputados  en casos de suspensión de juicio a prueba y a víctimas, diligenciaba oficios y realizaba escritos.
6b742e179c954d378ce96d9d9cd2f63d,estudio juridico zaldua,abogada particular,2024-09-03,,YES,mendoza,Abogada particular, redaccion de escritos, diligencias, acompañamiento a los clientes
63923688e0184e08935f65d0c4001d3b,Independiente,Abogada,2022-11-01,,YES,Tercera Circunscripción Judicial,Abogada en ejercicio activo de la profesión, desde el año 2022 ejerzo en el fuero penal
3e79c90373bd4303b5f22de3331c4122,Agencia de Recaudación y Control Aduanero,Abogada,2023-05-08,2024-10-14,NO,Mendoza Argentina,Tareas realizadas: Elaboración de dictámenes juridicos y resoluciónes administrativas en el marco de actuaciones infraccionales y disciplinarias en el ambito de DGA. Tareas operativas en en zona primaria y secundaria aduanera.
ac0257a016db442eaa52247132447635,Instituto de Investigaciòn Docente y Capacitacion Laboral PT,Docente,2024-03-05,,YES,La Colonia, Junìn,Docente a cargo de la materia de Introducciòn al derecho y legislacion en salud de segundo año de la carrera Tecnicatura en Administraciòn de empresas de salud.
e53cd4842fad4611afe4c56ea7b57465,Forum Refugies,Asistente Administrativo,2023-02-26,2024-08-31,NO,Lyon Francia,Asistencia a demandantes de asilo para tramites administrativos y legales, acompañamiento en materia social, consejo y preparacion en entrevista ante oficina de protección y la Corte Nacional de Derecho de Asilo
f8b2732d18c74332bbecf9352408fa39,Primer Tribunal de Gestión Asociada de Paz,Secretaría Monitoria- GEJUAS PAS,2018-09-01,2024-02-02,NO,Mendoza, Argentina,Auxiliar administrativo, confección de proveídos varios, liquidaciones, autos y sentencias relativas al proceso monitorio, ejecuiòn de honorarios, ejeuciones prendarias  y al procedimiento de la ley 8018
82f0b7d3298b4b148a7c9854ab584019,Unidad Fiscal de Homicidios y Violencia Institucional. Ministerio Público FIscal.,Secretaria ad hoc,2021-10-19,2022-11-29,NO,Mendoza. Argentina.,Instrucción de expedientes penales. Confección de decretos. Proyectos de requerimientos de allanamientos, intervenciones telefónicas, extracciones de datos, de decretos de detención, recupero de libertad, personal a cargo, control de vencimiento de plazos, llevar agenda de audiencias y demás medidas durante la Investigación Penal Preparatoria (ley 6730)
28c0de61864d4eaeae5e501b18394fec,Universidad de Congreso,Docente:DERECHO PROCESAL  CONSTITUCIONAL,2025-04-01,,YES,San Martin Mendoza Argentina,Elaboración y dictado de clases presenciales y virtuales en materias de Derecho Romano y Derecho Procesal  Constitucional. • Preparación y corrección de exámenes y trabajos prácticos. • Tutoría y acompañamiento académico  de estudiantes
86d203291d2b451dac9911d4ece33ccd,Universidad de Congreso,Profesor adjunto,2023-09-01,,YES,Mendoza, Argentina,Profesor adjunto en cátedra de Derecho Procesal Penal
c3587414deb5474a82f4ad9a3659d212,Poder Judicial Mendoza,Auxiliar administrativa,2013-02-27,,YES,Mendoza, Argentina,Auxiliar administrativa
bd071b9c798643fe9dfda6447974c87d,Defensoría Civil y Penal Juvenil, Ministerio Público de la Defensa,Asesor Letrado Coadyuvante,2023-12-15,,YES,General Alvear, Mendoza,Atención al público, participación en audiencias, redacción de demandas/escritos, étc.
444192e349bb4a67bdd65121fc877d35,Estudio Juridico,Abogada Independiente,2023-03-01,2025-01-14,NO,,CuyoLlevé adelante exitosos procesos judiciales en el ámbito civil, laboral y de familia, siendo siempre mipioridad la defensa de los intereses del cliente. Concreté acuerdos extrajudiciales posibilitando una solución en corto plazo y evitando litigiosidad encasos en los que así resultase más conveniente a los inteses del cliente. Realicé asesoramiento y actualización constante a los clientes en sus procesos judiciales. Redacté todo tipo de escritos judiciales en lo ámbitos civiles, laborales y de familia, asistí a audiencias, y compulsé expedientes
44992ceffc0e4ee48f8b7c9aa99f37df,Defensoría Pública Oficial ante Tribunales Federales de Primera y Segunda Instancia de Mendoza,Abogado en la Defensoría Pública Oficial ante Tribunales Federales de primera y segunda instancia de Mendoza,2016-03-31,2021-04-12,NO,Ciudad de Mendoza, Mendoza, Argentina,Asesoramiento jurídico a personas en situación de vulnerabilidad, presentación de demandas y amparos (por ejemplo amparos de salud), contestación de demandas, presentación de recursos de apelación ante la Cámara Federal de Apelaciones de Mendoza, y Recursos Extraordinario Federal ante la CSJN. Intervención en procesos de desalojo, migrantes y refugiados. Intervención extrajudicial. Intervención en caso de menores , personas con capacidad restringida, y ausentes.
49a857d2626041eaa09bb3ddef37498b,Dirección de Cuidados Alternativos - DGP Mendoza,Coordinador legal y técnico de equipos técnicos,2023-05-15,,YES,Ciudad de Mendoza, Argentina,Coordinador de equipos técnicos compuesto por profesionales de la psicología y trabajo social en tres hogares. Esto es desde la gestión de equipos, hasta las estrategias de restitución de derechos. Sumando las funciones que tenía como asesor legal:  Participar desde un enfoque interdisciplinario de la estrategia de restitución de derechos de NNA albergados en residencias alternativas, como así también todo el proceso legal de las Medidas excepcionales de derechos (audiencias, escritos, etc). Participar también de entrevistas con los NNA albergados y las familias.
81c793288f544433a3ad622e1f11265e,Facultad de Ciencias Jurídicas y Sociales. Universidad de Mendoza,Adscripta,2024-04-01,,YES,Mendoza, Argentina.,Docente Adscripta a la Cátedra de Derecho Constitucional y Derecho Público Provincial y Municiapal,  cuya titular es la Dra. María Gabriela Ábalos.
3596278fa6734981a06e950cccbc2211,Municipalidad de Rivadavia,Coordinadora Área de Mujeres, Generos y Diversidad,2024-01-01,,YES,Ciudad de Rivadavia, Mendoza,Coordinación del área, también realizo asesoramientos legales en general, haciendo énfasis en lo penal desde la radicación de las denuncias hasta medidas de protección. Articulo con fiscalías y juzgado de familia, realizo informes de derivación pertinentes dependiendo cada caso en particular. Realizo admisiones y seguimientos de cada mujer atravesada por situaciones de violencia de género, recibiendo diariamente derivaciones desde Fiscalías, ETI y Juzgado de Familia. Coordino y entablo comunicaciones con diferentes instituciones, para abordajes puntuales, e incluso dictado de talleres tal como Ley Micaela dentro de las diferentes áreas de la Municipalidad. Gestión de mesas intersectoriales para abordajes conjuntos y elaborar estrategias para abordar las situaciones de violencia de género a nivel departamental. Cumplo guardias pasivas de 24 hs y fines de semana completos por activación de protocolo en caso de urgencias y realizo traslados a refugios para salvaguardar el bienestar integral de cada mujer en estado de peligro.
82f0b7d3298b4b148a7c9854ab584019,Unidad Fiscal de Homicidios.,Secretaria. Jefa de departamento (clase 6).,2022-11-30,,YES,Mendoza. Argentina.,Instrucción de expedientes penales. Confección de decretos. Proyectos de requerimientos de allanamientos, intervenciones telefónicas, extracciones de datos, proyectos de decretos de detención, recupero de libertad, personal a cargo, reconocimientos, Cámara Gesell, declaraciones testimoniales, declaración del imputado,  control de vencimiento de plazos, control de agenda de audiencias y demás medidas durante la Investigación Penal Preparatoria
e4b0fb2220634e3db700e9b86afeaaff,DIRECCION DE CUIDADOS ALTERNATIVOS - DIRECCION GENERAL DE PROTECCION .,ABOGADA  EN EQUIPO TÉCNICO . DCA - DGP,2022-10-17,,YES,MENDOZA ARGENTINA,Comencé mi experiencia en la Dirección de Cuidados Alternativos desempeñando el rol de asesora legal de tres equipos técnicos, tarea que incluía confeccionar escritos jurídicos, patrocinar a la Dirección en audiencias, asesorar a las familias y aportar el encuadre jurídico adecuado a las intervenciones realizadas, entre otras funciones. Este rol exigió aptitudes clave, como la capacidad de manejar simultáneamente múltiples situaciones, trabajar de manera articulada en equipo, brindar respuestas rápidas ante situaciones urgentes y mantener una visión integral que combine el enfoque técnico con la sensibilidad social. Actualmente, continúo desempeñando este rol, compatibilizándolo con responsabilidades de coordinación legal y técnica, cargo que me fue asignado con posterioridad.
b3e189e45cd4461fa8f4abfd2132e0a8,GEJUAF SAN MARTIN,AUXILIAR AUDIENCISTA,2023-05-02,,YES,SAN MARTIN,AUDIENCIAS DE LA JUEZA DEL 1ER TRIBUNAL DE GEJUAF NÚMERO 1
afe307c81d5d4b37b51262f628577297,MINISTERIO PUBLICO FICAL MENDOZA,Ayudante Fiscal,2016-11-08,,YES,MENDOZA,AYUDANTE FISCAL
28c0de61864d4eaeae5e501b18394fec,Consulado General de España en Mendoza,Auxiliar Administrativa,2023-02-08,2023-07-28,NO,Mendoza, Argentina,Verificación de datos y control de documentación electoral. • Gestión de información en SIGECO y actualización de  bases de datos de residentes. • Atención al público y tramitación de gestiones consulares.
c45265cfc5d9483d98410bd66c78bedf,GEJUAS N° 1 - 1° Circunscripción - Poder Judicial Mendoza,Secretario Ad Hoc,2024-04-19,,YES,Ciudad de Mendoza,En la Secretaría de Audiencias se decretan todos los procesos de conocimiento, los procesos de consumo y se coordinan y preparan las Audiencias Iniciales y Finales de los mismos.
82f0b7d3298b4b148a7c9854ab584019,Unidad Fiscal de Homicidios. Ministerio Público Fiscal.,personal técnico y administrativo.,2018-11-01,2021-10-18,NO,Mendoza. Argentina.,Instrucción de expedientes penales. Recepción de denuncias, declaraciones testimoniales y declaraciones de imputados. Confección de decretos, oficios judiciales. Redacción de proyectos de archivos, requerimientos de citación a juicio y demás medidas durante la Investigación Penal Preparatoria prevista por el Código Procesal Penal de Mendoza
060af200bf3e4e3d8ca8e11d1654ac69,Poder Judicial Mendoza,Auxiliar administrativo,2011-11-26,,YES,Mendoza,Gestión de  agenda de audiencias del fuero penal juvenil, alta de fechas y  resultados.  Tipeo y grabación de audiencias en Sistema Kenos y Microsoft Teams  Redacción y gestión de oficios de notificaciones y solicitudes a otras  instituciones.  Confeccion de actas.  Alta de actas y oficio en sistema de gestión IURIX. Usos de sistema LED, MEED, IURIX, ZIMBRA, SINEJ
de4a840c03c3459bac23f9581ba38141,Estudio Jurídico,Abogada, con formación en derechos humanos, profesora e investigadora universitaria,2023-01-01,,YES,Mendoza, Argentina,Litigio de casos en diversas ramas, civil, penal, laboral, familia
2ef5cf51abee4ad88d7635384a1bd26d,MINISTERIO PUBLICO FISCAL,AYUDANTE FISCAL INTERINA,2025-05-05,,YES,LAS HERAS,HE SIDO RECIENTEMENTE DESIGNADA, SIENDO ANTES AUXILIAR DE LA UNIDAD FISCAL DE INTEGRIDAD SEXUAL, DESDE FECHA 2017 Y HABIENDO INGRESADO EL MINISTERIO EN FECHA DICIEMBRE DE 2020
fff39a93cf3844d1b710f0e0756ed488,Juzgado Penal Colegiado 1,Prosecretario,2022-12-20,,YES,Mendoza,Prosecretario. Resoluciones Judiciales, confección de Decretos, Autos, Sentencias, Fundamentos, Cómputos de Pena. Operación de Audiencias. Manejo de Agenda. Antecedentes computables.
